"","x","y"
"1",404,NA
"2",4172,NA
"3",3004,NA
"4",787,NA
"5",37,NA
"6",2332,NA
"7",2489,NA
"8",1449,NA
"9",3665,NA
"10",3863,NA
"11",4374,NA
"12",875,NA
"13",172,NA
"14",1602,NA
"15",2012,NA
"16",979,NA
"17",2018,NA
"18",319,NA
"19",1944,NA
"20",4878,NA
"21",1450,NA
"22",3392,NA
"23",3677,NA
"24",980,NA
"25",4903,NA
"26",3708,NA
"27",258,NA
"28",2652,NA
"29",3480,NA
"30",3443,NA
"31",157,NA
"32",1128,NA
"33",1505,NA
"34",3183,NA
"35",2396,NA
"36",2161,NA
"37",3533,NA
"38",4743,NA
"39",902,NA
"40",1085,NA
"41",3401,NA
"42",2495,NA
"43",3209,NA
"44",3302,NA
"45",481,NA
"46",3829,NA
"47",3849,NA
"48",4954,NA
"49",4853,NA
"50",1946,NA
"51",2306,NA
"52",1577,NA
"53",874,NA
"54",2658,NA
"55",2469,NA
"56",3897,NA
"57",1021,NA
"58",3567,NA
"59",327,NA
"60",1772,NA
"61",4126,NA
"62",1370,NA
"63",2851,NA
"64",1679,NA
"65",2982,NA
"66",958,NA
"67",4739,NA
"68",2713,NA
"69",2724,NA
"70",1393,NA
"71",2234,NA
"72",1858,NA
"73",141,NA
"74",2330,NA
"75",1951,NA
"76",101,NA
"77",1885,NA
"78",2800,NA
"79",4286,NA
"80",1925,NA
"81",2640,NA
"82",3004,NA
"83",1307,NA
"84",1451,NA
"85",2401,NA
"86",4601,NA
"87",2004,NA
"88",1066,NA
"89",3359,NA
"90",294,NA
"91",4986,NA
"92",746,NA
"93",2593,NA
"94",4231,NA
"95",3592,NA
"96",1207,NA
"97",2736,NA
"98",4175,NA
"99",140,NA
"100",2347,NA
"101",4029,NA
"102",4071,NA
"103",2020,NA
"104",1093,NA
"105",2092,NA
"106",3345,NA
"107",2539,NA
"108",3302,NA
"109",2559,NA
"110",4178,NA
"111",3544,NA
"112",4372,NA
"113",58,NA
"114",4442,NA
"115",4982,NA
"116",2501,NA
"117",1795,NA
"118",3875,NA
"119",2923,NA
"120",3170,NA
"121",4294,NA
"122",2835,NA
"123",1265,NA
"124",4595,NA
"125",4337,NA
"126",1243,NA
"127",2015,NA
"128",3849,NA
"129",598,NA
"130",974,NA
"131",823,NA
"132",3317,NA
"133",4283,NA
"134",4633,NA
"135",2762,NA
"136",2886,NA
"137",3438,NA
"138",1224,NA
"139",224,NA
"140",4550,NA
"141",354,NA
"142",4985,NA
"143",3060,NA
"144",863,NA
"145",4548,NA
"146",188,NA
"147",2968,NA
"148",1185,NA
"149",4532,NA
"150",4095,NA
"151",3500,NA
"152",1101,NA
"153",3640,NA
"154",1086,NA
"155",2282,NA
"156",1664,NA
"157",2842,NA
"158",1262,NA
"159",2321,NA
"160",4589,NA
"161",4865,NA
"162",4096,NA
"163",4515,NA
"164",2907,NA
"165",3866,NA
"166",4976,NA
"167",3555,NA
"168",1075,NA
"169",1459,NA
"170",3609,NA
"171",4334,NA
"172",1193,NA
"173",23,NA
"174",4718,NA
"175",2191,NA
"176",3754,NA
"177",3340,NA
"178",2040,NA
"179",1757,NA
"180",3691,NA
"181",3322,NA
"182",427,NA
"183",4281,NA
"184",385,NA
"185",4265,NA
"186",532,NA
"187",2425,NA
"188",1237,NA
"189",3433,NA
"190",819,NA
"191",4765,NA
"192",1610,NA
"193",1808,NA
"194",4439,NA
"195",4141,NA
"196",504,NA
"197",4531,NA
"198",3864,NA
"199",1917,NA
"200",4999,NA
"201",1747,NA
"202",4737,NA
"203",1081,NA
"204",161,NA
"205",727,NA
"206",4272,NA
"207",1066,NA
"208",1052,NA
"209",198,NA
"210",4724,NA
"211",1225,NA
"212",3906,NA
"213",1442,NA
"214",4377,NA
"215",1479,NA
"216",4918,NA
"217",2950,NA
"218",3796,NA
"219",4181,NA
"220",3815,NA
"221",2087,NA
"222",691,NA
"223",405,NA
"224",3280,NA
"225",3011,NA
"226",3285,NA
"227",1647,NA
"228",4898,NA
"229",3576,NA
"230",4364,NA
"231",4917,NA
"232",1093,NA
"233",3323,NA
"234",1948,NA
"235",231,NA
"236",3085,NA
"237",2993,NA
"238",2035,NA
"239",4292,NA
"240",2589,NA
"241",4897,NA
"242",86,NA
"243",3368,NA
"244",1857,NA
"245",4591,NA
"246",3390,NA
"247",3326,NA
"248",3781,NA
"249",2715,NA
"250",1197,NA
"251",2545,NA
"252",2087,NA
"253",3635,NA
"254",3189,NA
"255",1983,NA
"256",4798,NA
"257",1494,NA
"258",252,NA
"259",2881,NA
"260",1090,NA
"261",630,NA
"262",4691,NA
"263",4007,NA
"264",3791,NA
"265",2663,NA
"266",2735,NA
"267",480,NA
"268",1942,NA
"269",862,NA
"270",3454,NA
"271",3377,NA
"272",4732,NA
"273",982,NA
"274",4844,NA
"275",1936,NA
"276",3252,NA
"277",4073,NA
"278",355,NA
"279",2635,NA
"280",3818,NA
"281",2177,NA
"282",2763,NA
"283",1021,NA
"284",156,NA
"285",4849,NA
"286",894,NA
"287",3892,NA
"288",4429,NA
"289",4183,NA
"290",3027,NA
"291",4535,NA
"292",180,NA
"293",658,NA
"294",471,NA
"295",3483,NA
"296",2029,NA
"297",329,NA
"298",633,NA
"299",4687,NA
"300",1082,NA
"301",3331,NA
"302",1020,NA
"303",2743,NA
"304",4138,NA
"305",638,NA
"306",1306,NA
"307",1443,NA
"308",74,NA
"309",4269,NA
"310",2071,NA
"311",3756,NA
"312",3596,NA
"313",2577,NA
"314",4875,NA
"315",1804,NA
"316",852,NA
"317",3916,NA
"318",155,NA
"319",3948,NA
"320",834,NA
"321",144,NA
"322",3930,NA
"323",4127,NA
"324",4827,NA
"325",1894,NA
"326",872,NA
"327",3019,NA
"328",4028,NA
"329",184,NA
"330",3665,NA
"331",1077,NA
"332",81,NA
"333",644,NA
"334",3431,NA
"335",3210,NA
"336",1637,NA
"337",1938,NA
"338",3538,NA
"339",3489,NA
"340",4629,NA
"341",2296,NA
"342",2980,NA
"343",826,NA
"344",2835,NA
"345",4491,NA
"346",2973,NA
"347",4159,NA
"348",2968,NA
"349",3895,NA
"350",1989,NA
"351",4250,NA
"352",3710,NA
"353",1589,NA
"354",559,NA
"355",506,NA
"356",4001,NA
"357",1900,NA
"358",264,NA
"359",4933,NA
"360",3021,NA
"361",744,NA
"362",2694,NA
"363",629,NA
"364",4816,NA
"365",235,NA
"366",808,NA
"367",4683,NA
"368",4854,NA
"369",3552,NA
"370",4426,NA
"371",4885,NA
"372",175,NA
"373",2194,NA
"374",3223,NA
"375",4975,NA
"376",1574,NA
"377",4280,NA
"378",2702,NA
"379",4368,NA
"380",2578,NA
"381",4348,NA
"382",4283,NA
"383",1729,NA
"384",1,NA
"385",1026,NA
"386",4727,NA
"387",1407,NA
"388",4405,NA
"389",4806,NA
"390",21,NA
"391",2765,NA
"392",1097,NA
"393",3234,NA
"394",3639,NA
"395",4363,NA
"396",1910,NA
"397",4464,NA
"398",4220,NA
"399",3649,NA
"400",193,NA
"401",1670,NA
"402",3747,NA
"403",4566,NA
"404",1022,NA
"405",2359,NA
"406",1926,NA
"407",1964,NA
"408",1092,NA
"409",37,NA
"410",1819,NA
"411",2631,NA
"412",4221,NA
"413",680,NA
"414",1883,NA
"415",1317,NA
"416",2490,NA
"417",98,NA
"418",436,NA
"419",4980,NA
"420",4711,NA
"421",622,NA
"422",576,NA
"423",1834,NA
"424",2356,NA
"425",3921,NA
"426",2452,NA
"427",510,NA
"428",4718,NA
"429",3531,NA
"430",2512,NA
"431",2650,NA
"432",1293,NA
"433",3559,NA
"434",4843,NA
"435",3306,NA
"436",3982,NA
"437",367,NA
"438",4424,NA
"439",4134,NA
"440",3629,NA
"441",1837,NA
"442",2618,NA
"443",2350,NA
"444",493,NA
"445",2581,NA
"446",2249,NA
"447",2748,NA
"448",3248,NA
"449",796,NA
"450",1469,NA
"451",4457,NA
"452",2941,NA
"453",3167,NA
"454",1298,NA
"455",1592,NA
"456",1697,NA
"457",3804,NA
"458",55,NA
"459",316,NA
"460",1320,NA
"461",2970,NA
"462",1488,NA
"463",474,NA
"464",3807,NA
"465",3863,NA
"466",2010,NA
"467",296,NA
"468",3752,NA
"469",2642,NA
"470",1380,NA
"471",1307,NA
"472",2720,NA
"473",996,NA
"474",3226,NA
"475",3752,NA
"476",1355,NA
"477",4379,NA
"478",4259,NA
"479",230,NA
"480",1906,NA
"481",917,NA
"482",4609,NA
"483",4531,NA
"484",965,NA
"485",4322,NA
"486",67,NA
"487",4429,NA
"488",1958,NA
"489",381,NA
"490",3234,NA
"491",4584,NA
"492",4173,NA
"493",2507,NA
"494",3011,NA
"495",2345,NA
"496",4432,NA
"497",3353,NA
"498",1969,NA
"499",2757,NA
"500",1213,NA
"501",1017,NA
"502",342,NA
"503",1537,NA
"504",4966,NA
"505",582,NA
"506",3578,NA
"507",1131,NA
"508",667,NA
"509",4637,NA
"510",4471,NA
"511",1019,NA
"512",1285,NA
"513",3071,NA
"514",2208,NA
"515",1578,NA
"516",507,NA
"517",1364,NA
"518",3269,NA
"519",4640,NA
"520",134,NA
"521",2798,NA
"522",4271,NA
"523",380,NA
"524",1030,NA
"525",2480,NA
"526",1310,NA
"527",2080,NA
"528",2196,NA
"529",912,NA
"530",392,NA
"531",89,NA
"532",3641,NA
"533",4855,NA
"534",2677,NA
"535",833,NA
"536",291,NA
"537",2296,NA
"538",3114,NA
"539",2975,NA
"540",3716,NA
"541",2622,NA
"542",2485,NA
"543",74,NA
"544",4790,NA
"545",2266,NA
"546",4908,NA
"547",2724,NA
"548",1801,NA
"549",2516,NA
"550",374,NA
"551",4849,NA
"552",3243,NA
"553",4923,NA
"554",2681,NA
"555",3806,NA
"556",2822,NA
"557",3893,NA
"558",3196,NA
"559",1895,NA
"560",1798,NA
"561",4222,NA
"562",2284,NA
"563",896,NA
"564",4832,NA
"565",3568,NA
"566",125,NA
"567",3133,NA
"568",4140,NA
"569",3216,NA
"570",3543,NA
"571",4354,NA
"572",1410,NA
"573",867,NA
"574",549,NA
"575",2932,NA
"576",4254,NA
"577",4608,NA
"578",3379,NA
"579",1753,NA
"580",44,NA
"581",2155,NA
"582",3625,NA
"583",2062,NA
"584",2755,NA
"585",782,NA
"586",216,NA
"587",3424,NA
"588",2573,NA
"589",4729,NA
"590",4216,NA
"591",325,NA
"592",3811,NA
"593",392,NA
"594",668,NA
"595",4049,NA
"596",2797,NA
"597",3669,NA
"598",1749,NA
"599",4914,NA
"600",2045,NA
"601",1805,NA
"602",3263,NA
"603",718,NA
"604",3404,NA
"605",4297,NA
"606",4194,NA
"607",4407,NA
"608",1189,NA
"609",2894,NA
"610",4490,NA
"611",1723,NA
"612",3805,NA
"613",3656,NA
"614",4263,NA
"615",4880,NA
"616",566,NA
"617",4852,NA
"618",3241,NA
"619",281,NA
"620",2366,NA
"621",1474,NA
"622",3052,NA
"623",606,NA
"624",3148,NA
"625",3560,NA
"626",3061,NA
"627",173,NA
"628",3330,NA
"629",3265,NA
"630",2260,NA
"631",2585,NA
"632",3384,NA
"633",4405,NA
"634",3657,NA
"635",1994,NA
"636",2153,NA
"637",728,NA
"638",2256,NA
"639",2894,NA
"640",353,NA
"641",3712,NA
"642",2747,NA
"643",3173,NA
"644",684,NA
"645",4652,NA
"646",3256,NA
"647",2644,NA
"648",1126,NA
"649",4917,NA
"650",546,NA
"651",350,NA
"652",3889,NA
"653",3292,NA
"654",1297,NA
"655",4592,NA
"656",744,NA
"657",3204,NA
"658",1007,NA
"659",3719,NA
"660",4239,NA
"661",4269,NA
"662",4018,NA
"663",120,NA
"664",3977,NA
"665",4433,NA
"666",3001,NA
"667",2164,NA
"668",4602,NA
"669",3081,NA
"670",2179,NA
"671",4487,NA
"672",3846,NA
"673",641,NA
"674",2694,NA
"675",646,NA
"676",2555,NA
"677",2719,NA
"678",1209,NA
"679",4016,NA
"680",4740,NA
"681",2037,NA
"682",2574,NA
"683",4908,NA
"684",1771,NA
"685",2280,NA
"686",1101,NA
"687",410,NA
"688",1847,NA
"689",634,NA
"690",3700,NA
"691",4780,NA
"692",3344,NA
"693",2341,NA
"694",2691,NA
"695",1655,NA
"696",3144,NA
"697",2263,NA
"698",4441,NA
"699",3922,NA
"700",691,NA
"701",1407,NA
"702",3535,NA
"703",2211,NA
"704",3389,NA
"705",3504,NA
"706",343,NA
"707",4793,NA
"708",1223,NA
"709",4632,NA
"710",2514,NA
"711",4678,NA
"712",2194,NA
"713",1753,NA
"714",2383,NA
"715",4831,NA
"716",1486,NA
"717",1454,NA
"718",4299,NA
"719",967,NA
"720",4046,NA
"721",1828,NA
"722",1264,NA
"723",4281,NA
"724",651,NA
"725",3960,NA
"726",1780,NA
"727",4822,NA
"728",594,NA
"729",2291,NA
"730",2619,NA
"731",4186,NA
"732",168,NA
"733",217,NA
"734",3961,NA
"735",1014,NA
"736",344,NA
"737",4323,NA
"738",386,NA
"739",2156,NA
"740",4869,NA
"741",2855,NA
"742",3773,NA
"743",1213,NA
"744",3136,NA
"745",843,NA
"746",2224,NA
"747",824,NA
"748",592,NA
"749",1838,NA
"750",4733,NA
"751",4378,NA
"752",1301,NA
"753",3287,NA
"754",610,NA
"755",1595,NA
"756",3116,NA
"757",2235,NA
"758",3542,NA
"759",4451,NA
"760",522,NA
"761",3153,NA
"762",4208,NA
"763",1822,NA
"764",3115,NA
"765",2304,NA
"766",818,NA
"767",2570,NA
"768",717,NA
"769",3252,NA
"770",777,NA
"771",2542,NA
"772",430,NA
"773",2516,NA
"774",193,NA
"775",4121,NA
"776",1430,NA
"777",1234,NA
"778",1990,NA
"779",3161,NA
"780",4743,NA
"781",1701,NA
"782",3137,NA
"783",4125,NA
"784",726,NA
"785",4836,NA
"786",431,NA
"787",1203,NA
"788",3195,NA
"789",2517,NA
"790",1253,NA
"791",4896,NA
"792",3283,NA
"793",450,NA
"794",3153,NA
"795",4384,NA
"796",4652,NA
"797",2098,NA
"798",2478,NA
"799",1764,NA
"800",1244,NA
"801",4794,NA
"802",1800,NA
"803",995,NA
"804",3632,NA
"805",841,NA
"806",1133,NA
"807",4228,NA
"808",1730,NA
"809",337,NA
"810",136,NA
"811",591,NA
"812",69,NA
"813",3679,NA
"814",4620,NA
"815",4911,NA
"816",2027,NA
"817",1349,NA
"818",2442,NA
"819",256,NA
"820",13,NA
"821",2480,NA
"822",1219,NA
"823",1279,NA
"824",2762,NA
"825",1258,NA
"826",3143,NA
"827",1581,NA
"828",4623,NA
"829",4533,NA
"830",460,NA
"831",3689,NA
"832",2849,NA
"833",3483,NA
"834",3504,NA
"835",200,NA
"836",2158,NA
"837",4072,NA
"838",2833,NA
"839",2942,NA
"840",4402,NA
"841",3597,NA
"842",4683,NA
"843",2148,NA
"844",1431,NA
"845",3854,NA
"846",3083,NA
"847",797,NA
"848",2008,NA
"849",9,NA
"850",2090,NA
"851",3820,NA
"852",3973,NA
"853",1213,NA
"854",3796,NA
"855",146,NA
"856",2187,NA
"857",2653,NA
"858",2150,NA
"859",4047,NA
"860",4613,NA
"861",3376,NA
"862",470,NA
"863",988,NA
"864",2378,NA
"865",3572,NA
"866",2691,NA
"867",4377,NA
"868",1468,NA
"869",1124,NA
"870",3455,NA
"871",1562,NA
"872",2417,NA
"873",609,NA
"874",3451,NA
"875",1579,NA
"876",4081,NA
"877",2730,NA
"878",4737,NA
"879",193,NA
"880",3239,NA
"881",399,NA
"882",2165,NA
"883",3805,NA
"884",1469,NA
"885",537,NA
"886",365,NA
"887",1782,NA
"888",2858,NA
"889",3390,NA
"890",3454,NA
"891",1868,NA
"892",490,NA
"893",496,NA
"894",3875,NA
"895",758,NA
"896",1974,NA
"897",4675,NA
"898",3698,NA
"899",3179,NA
"900",1692,NA
"901",4813,NA
"902",559,NA
"903",3253,NA
"904",4918,NA
"905",896,NA
"906",690,NA
"907",283,NA
"908",2732,NA
"909",2333,NA
"910",4482,NA
"911",93,NA
"912",4255,NA
"913",2508,NA
"914",831,NA
"915",1806,NA
"916",3261,NA
"917",4371,NA
"918",3642,NA
"919",2063,NA
"920",797,NA
"921",4229,NA
"922",4422,NA
"923",1980,NA
"924",191,NA
"925",4757,NA
"926",3919,NA
"927",1098,NA
"928",1655,NA
"929",889,NA
"930",1813,NA
"931",1958,NA
"932",4520,NA
"933",1383,NA
"934",697,NA
"935",2257,NA
"936",552,NA
"937",4405,NA
"938",2670,NA
"939",3697,NA
"940",3598,NA
"941",1323,NA
"942",3370,NA
"943",1049,NA
"944",3453,NA
"945",974,NA
"946",3911,NA
"947",76,NA
"948",4671,NA
"949",423,NA
"950",171,NA
"951",1555,NA
"952",3924,NA
"953",1403,NA
"954",827,NA
"955",2168,NA
"956",4071,NA
"957",3433,NA
"958",3887,NA
"959",457,NA
"960",3714,NA
"961",1984,NA
"962",1481,NA
"963",3715,NA
"964",2333,NA
"965",3866,NA
"966",111,NA
"967",4076,NA
"968",1520,NA
"969",4659,NA
"970",2703,NA
"971",1275,NA
"972",2388,NA
"973",3523,NA
"974",38,NA
"975",3863,NA
"976",1329,NA
"977",4856,NA
"978",953,NA
"979",99,NA
"980",3062,NA
"981",2629,NA
"982",3173,NA
"983",1978,NA
"984",875,NA
"985",1637,NA
"986",3074,NA
"987",396,NA
"988",2596,NA
"989",1532,NA
"990",3357,NA
"991",1969,NA
"992",3740,NA
"993",695,NA
"994",1887,NA
"995",3207,NA
"996",4971,NA
"997",1843,NA
"998",1687,NA
"999",4569,NA
"1000",4548,NA
"1001",0.238379750866443,2015-01-16
"1002",0.411679971730337,2018-05-18
"1003",0.746071676257998,2015-09-05
"1004",0.723450553836301,2012-11-28
"1005",0.614524137461558,2020-01-13
"1006",0.473980569280684,2016-04-17
"1007",0.578461039112881,2011-05-14
"1008",0.24159372295253,2020-07-18
"1009",0.114378662081435,2011-04-30
"1010",0.298344632610679,2010-05-11
"1011",0.484119494911283,2014-11-02
"1012",0.567406318150461,2014-06-23
"1013",0.75395310902968,2017-05-31
"1014",0.545425235992298,2017-11-18
"1015",0.759677961235866,2013-04-20
"1016",0.212967462604865,2010-12-11
"1017",0.839265023823828,2022-10-10
"1018",0.406697055324912,2010-11-11
"1019",0.873739800183102,2015-03-22
"1020",0.882156537845731,2013-12-25
"1021",0.107689367607236,2011-02-27
"1022",0.574544371105731,2015-12-14
"1023",0.996033379342407,2021-02-10
"1024",0.850553432479501,2012-11-28
"1025",0.437655055196956,2020-04-04
"1026",0.326429924694821,2021-04-08
"1027",0.33596885856241,2022-03-13
"1028",0.23927381564863,2010-03-28
"1029",0.42137112445198,2023-01-04
"1030",0.512136830715463,2012-04-02
"1031",0.185446366202086,2015-11-09
"1032",0.326400522142649,2017-01-13
"1033",0.817073642974719,2011-02-25
"1034",0.748737998073921,2019-04-04
"1035",0.531741869403049,2022-04-01
"1036",0.961571368388832,2016-05-04
"1037",0.104046371765435,2010-06-02
"1038",0.737123666564003,2017-03-08
"1039",0.847479980904609,2014-11-17
"1040",0.643738753627986,2011-07-08
"1041",0.232457197736949,2010-03-26
"1042",0.916229565627873,2015-11-20
"1043",0.424597555538639,2018-08-28
"1044",0.192943505709991,2017-09-17
"1045",0.701550335623324,2010-10-17
"1046",0.992580709746107,2023-08-21
"1047",0.708912507165223,2015-10-13
"1048",0.517485157353804,2017-09-09
"1049",0.708732047816738,2021-03-24
"1050",0.375140478601679,2016-03-01
"1051",0.254773765802383,2021-10-09
"1052",0.996412934735417,2020-05-17
"1053",0.522895360132679,2022-09-10
"1054",0.715809417888522,2011-02-13
"1055",0.00249242829158902,2010-09-04
"1056",0.292968772351742,2014-09-23
"1057",0.18081600125879,2010-01-16
"1058",0.407593891955912,2019-04-15
"1059",0.216995889088139,2018-04-11
"1060",0.0713426703587174,2011-08-20
"1061",0.253311580745503,2021-08-08
"1062",0.652479521231726,2022-07-27
"1063",0.734444106230512,2013-06-29
"1064",0.817513144109398,2013-09-28
"1065",0.30599033809267,2014-10-16
"1066",0.885247568367049,2020-06-03
"1067",0.606558852363378,2015-07-15
"1068",0.881019168300554,2012-10-24
"1069",0.679920632624999,2018-01-16
"1070",0.142943662358448,2018-03-12
"1071",0.76546558062546,2010-12-14
"1072",0.626966629410163,2020-11-30
"1073",0.730338460532948,2020-06-26
"1074",0.423704410903156,2021-05-31
"1075",0.268330775666982,2010-02-14
"1076",0.769048036308959,2018-03-20
"1077",0.587346678134054,2016-06-28
"1078",0.898567755473778,2015-05-10
"1079",0.870324538787827,2014-05-17
"1080",0.39930623723194,2010-11-04
"1081",0.965119112050161,2015-05-03
"1082",0.495991045143455,2020-10-09
"1083",0.466597515856847,2019-10-28
"1084",0.107744531240314,2011-02-08
"1085",0.91429804963991,2015-09-25
"1086",0.143803449813277,2010-12-23
"1087",0.265187191078439,2018-02-13
"1088",0.148463048506528,2019-01-31
"1089",0.414248683257028,2017-06-14
"1090",0.108949673594907,2020-09-16
"1091",0.247077947948128,2018-04-30
"1092",0.590643109753728,2011-03-23
"1093",0.328267297474667,2022-11-26
"1094",0.732970522018149,2022-05-31
"1095",0.727905224077404,2019-10-16
"1096",0.545723421266302,2018-10-09
"1097",0.733746317680925,2016-07-10
"1098",0.933358375681564,2010-05-17
"1099",0.243392595089972,2016-01-13
"1100",0.282959054922685,2015-01-17
"1101",0.216625959379598,2018-04-14
"1102",0.120041428366676,2021-07-23
"1103",0.170263659209013,2019-08-09
"1104",0.521528884768486,2018-11-05
"1105",0.963494028197601,2013-11-07
"1106",0.887872519437224,2020-03-21
"1107",0.636446596588939,2021-04-28
"1108",0.329380251467228,2019-08-24
"1109",0.602222412126139,2013-04-15
"1110",0.772161534056067,2016-06-14
"1111",0.2101352927275,2011-05-22
"1112",0.584308366058394,2020-01-13
"1113",0.542075810953975,2020-07-09
"1114",0.0923966427799314,2023-02-06
"1115",0.369340825127438,2014-08-14
"1116",0.952429423108697,2013-10-20
"1117",0.94968924135901,2015-06-21
"1118",0.449776821769774,2013-04-15
"1119",0.259818243561313,2014-11-16
"1120",0.0189061700366437,2014-04-12
"1121",0.721405047690496,2022-02-24
"1122",0.952809649286792,2012-12-04
"1123",0.440223303856328,2014-06-30
"1124",0.504012379329652,2019-01-16
"1125",0.0435569984838367,2021-12-12
"1126",0.922474455786869,2019-03-08
"1127",0.923789556138217,2017-11-18
"1128",0.60564771364443,2013-07-14
"1129",0.00408198102377355,2011-03-07
"1130",0.656856436515227,2021-07-19
"1131",0.150928949937224,2011-05-02
"1132",0.199160666903481,2016-04-16
"1133",0.239638329250738,2010-03-24
"1134",0.661573967430741,2018-07-28
"1135",0.241788821527734,2016-04-28
"1136",0.0715497385244817,2014-09-22
"1137",0.70467192796059,2020-05-10
"1138",0.315396910067648,2011-01-25
"1139",0.375875194789842,2014-05-08
"1140",0.815097741549835,2012-07-01
"1141",0.200559966498986,2023-02-28
"1142",0.301930186571553,2020-11-25
"1143",0.0877202423289418,2023-05-27
"1144",0.18332012812607,2011-04-21
"1145",0.20680187526159,2019-02-11
"1146",0.854959498858079,2021-09-28
"1147",0.262909896671772,2013-11-29
"1148",0.945334274321795,2017-07-05
"1149",0.792735469993204,2012-10-08
"1150",0.831581892445683,2022-11-27
"1151",0.618977224919945,2018-12-19
"1152",0.443733628606424,2022-12-03
"1153",0.964625613065436,2010-12-18
"1154",0.162198703736067,2010-12-27
"1155",0.185653790598735,2014-09-29
"1156",0.613101419527084,2021-06-09
"1157",0.481484478106722,2016-02-20
"1158",0.396137897623703,2021-11-17
"1159",0.318756407825276,2010-04-25
"1160",0.838375008897856,2023-08-19
"1161",0.299203525530174,2012-03-10
"1162",0.616061836015433,2010-07-12
"1163",0.462103835539892,2019-01-28
"1164",0.939205955946818,2010-01-05
"1165",0.00629138643853366,2016-07-03
"1166",0.34942748490721,2018-07-01
"1167",0.566271392628551,2016-05-30
"1168",0.528957063565031,2015-11-26
"1169",0.637015399290249,2016-09-02
"1170",0.350795879494399,2020-03-12
"1171",0.924171197460964,2013-03-27
"1172",0.474041222594678,2016-10-19
"1173",0.778134117368609,2011-10-24
"1174",0.798736535478383,2019-02-01
"1175",0.878499910235405,2012-12-25
"1176",0.909843855071813,2020-02-29
"1177",0.445537755964324,2010-07-09
"1178",0.289559328462929,2018-12-04
"1179",0.303310736315325,2014-07-31
"1180",0.919024348026142,2013-01-11
"1181",0.935712394770235,2010-04-17
"1182",0.671648326562718,2021-01-05
"1183",0.371269965777174,2023-08-27
"1184",0.567131436197087,2014-12-16
"1185",0.478598441928625,2022-10-20
"1186",0.56774878455326,2019-01-04
"1187",0.286538840038702,2017-01-12
"1188",0.759599128505215,2017-11-03
"1189",0.228465773165226,2020-07-20
"1190",0.426505393348634,2010-06-02
"1191",0.456584728090093,2011-05-26
"1192",0.709906758973375,2014-03-05
"1193",0.28745697857812,2015-12-17
"1194",0.773060262668878,2015-12-28
"1195",0.574562285561115,2013-09-16
"1196",0.0217957629356533,2022-02-27
"1197",0.773026480339468,2022-04-02
"1198",0.0591289335861802,2017-01-29
"1199",0.0276483006309718,2018-03-15
"1200",0.740846594097093,2018-12-18
"1201",0.593320846557617,2010-08-10
"1202",0.686676718527451,2022-05-06
"1203",0.735310225281864,2012-09-08
"1204",0.461105207214132,2021-01-18
"1205",0.661999277304858,2016-01-22
"1206",0.000957943499088287,2020-01-05
"1207",0.975965529680252,2015-02-08
"1208",0.220163456397131,2010-12-13
"1209",0.30632783845067,2015-11-29
"1210",0.731566637288779,2017-08-03
"1211",0.133506225654855,2011-06-27
"1212",0.0998360610101372,2022-05-10
"1213",0.171385153895244,2010-05-24
"1214",0.617181589826941,2011-05-09
"1215",0.683263308135793,2016-05-01
"1216",0.79057406890206,2012-04-02
"1217",0.213248126441613,2017-01-09
"1218",0.792010885663331,2022-11-30
"1219",0.592634408501908,2019-04-13
"1220",0.606263601919636,2015-10-09
"1221",0.110768544487655,2022-07-20
"1222",0.195608638459817,2017-10-25
"1223",0.00707077560946345,2014-08-21
"1224",0.940870595164597,2021-04-29
"1225",0.0682093512732536,2020-04-19
"1226",0.136929180473089,2013-03-20
"1227",0.332817024551332,2014-08-25
"1228",0.489688291680068,2014-09-27
"1229",0.172954540001228,2014-02-20
"1230",0.0649392416235059,2018-07-18
"1231",0.451666989829391,2013-05-20
"1232",0.379402353893965,2011-04-26
"1233",0.909298367565498,2012-07-29
"1234",0.0299464578274637,2010-06-26
"1235",0.194796363823116,2017-02-12
"1236",0.679479371290654,2012-06-16
"1237",0.747466302476823,2017-11-09
"1238",0.649537714431062,2018-08-10
"1239",0.0775806771125644,2013-09-19
"1240",0.599653656128794,2017-12-03
"1241",0.879010812146589,2013-03-08
"1242",0.732037156121805,2011-09-25
"1243",0.0800530861597508,2023-08-25
"1244",0.832749811932445,2016-06-30
"1245",0.864705697866157,2011-03-29
"1246",0.712964971549809,2013-04-07
"1247",0.757407110882923,2013-07-20
"1248",0.122433916199952,2010-05-10
"1249",0.193697881884873,2012-05-28
"1250",0.314178289379925,2018-06-28
"1251",0.137532982043922,2013-01-10
"1252",0.847802880220115,2010-11-25
"1253",0.485221986891702,2018-10-31
"1254",0.470242726383731,2014-04-13
"1255",0.791045374469832,2018-10-01
"1256",0.312983272830024,2023-05-03
"1257",0.308764512650669,2012-03-24
"1258",0.345155335962772,2017-04-30
"1259",0.828443314880133,2018-01-05
"1260",0.273995498428121,2014-05-14
"1261",0.430836085928604,2016-05-30
"1262",0.416897840099409,2018-10-03
"1263",0.134312199428678,2011-01-24
"1264",0.686341398628429,2023-08-05
"1265",0.17207811656408,2021-11-10
"1266",0.923493443522602,2020-12-15
"1267",0.613743592984974,2021-10-08
"1268",0.315629446646199,2020-12-10
"1269",0.809733090689406,2014-07-09
"1270",0.902374101104215,2015-11-19
"1271",0.125297799473628,2012-12-28
"1272",0.565557193476707,2015-01-14
"1273",0.127641106490046,2010-06-23
"1274",0.627597616286948,2023-04-15
"1275",0.0753239539917558,2011-10-16
"1276",0.285451323958114,2016-03-21
"1277",0.310602429090068,2021-09-18
"1278",0.146727561717853,2011-12-11
"1279",0.799770513316616,2010-12-16
"1280",0.171996079385281,2017-10-16
"1281",0.785683812340721,2010-10-30
"1282",0.470035764155909,2019-12-12
"1283",0.432957729091868,2020-09-13
"1284",0.574532859958708,2017-05-17
"1285",0.729969945270568,2021-09-27
"1286",0.894187148427591,2014-12-31
"1287",0.22030636924319,2015-11-07
"1288",0.291596438270062,2018-10-26
"1289",0.812898749252781,2022-11-17
"1290",0.0436023296788335,2010-11-07
"1291",0.505271664587781,2015-09-10
"1292",0.241655881749466,2010-01-27
"1293",0.589142418466508,2021-04-13
"1294",0.971140568610281,2019-03-19
"1295",0.232721003470942,2019-01-11
"1296",0.867418015375733,2014-06-13
"1297",0.110761742806062,2011-05-18
"1298",0.80149177997373,2016-07-08
"1299",0.657924454193562,2012-12-21
"1300",0.652054297272116,2013-10-21
"1301",0.226322644855827,2010-02-28
"1302",0.853979631327093,2018-03-15
"1303",0.435607039835304,2016-02-28
"1304",0.289281736826524,2017-07-23
"1305",0.637584670446813,2022-09-07
"1306",0.264539458556101,2017-12-26
"1307",0.386268377769738,2011-01-09
"1308",0.619193969992921,2011-06-02
"1309",0.541678082663566,2022-09-20
"1310",0.484831000445411,2013-06-22
"1311",0.764294919325039,2013-02-18
"1312",0.961026936769485,2014-07-02
"1313",0.270584533223882,2015-03-19
"1314",0.730600220849738,2013-10-21
"1315",0.134165546158329,2018-08-28
"1316",0.0483982276637107,2014-03-08
"1317",0.70360707025975,2013-09-21
"1318",0.147213794291019,2015-02-19
"1319",0.769155333051458,2015-04-04
"1320",0.176350109977648,2021-04-26
"1321",0.110758999362588,2016-02-12
"1322",0.938342408277094,2019-09-09
"1323",0.846471140161157,2020-11-07
"1324",0.571143581531942,2021-02-15
"1325",0.679093406302854,2015-05-18
"1326",0.0893222435843199,2013-11-12
"1327",0.785374125000089,2023-06-25
"1328",0.226957448059693,2013-07-10
"1329",0.448178465012461,2021-10-23
"1330",0.16122763720341,2019-11-16
"1331",0.176111689768732,2020-07-24
"1332",0.198228123597801,2010-10-08
"1333",0.357611313927919,2011-07-23
"1334",0.181333203800023,2019-12-15
"1335",0.561144859762862,2018-08-10
"1336",0.659083009697497,2020-08-27
"1337",0.660253409063444,2014-01-24
"1338",0.00240078754723072,2020-10-14
"1339",0.993446034146473,2022-05-01
"1340",0.62748923082836,2016-05-05
"1341",0.0146303358487785,2017-01-02
"1342",0.205178217496723,2012-05-28
"1343",0.663076664088294,2014-09-28
"1344",0.463744030334055,2018-06-23
"1345",0.360348157817498,2013-05-03
"1346",0.689366391394287,2022-12-04
"1347",0.258860788308084,2010-12-07
"1348",0.851205032086,2021-03-23
"1349",0.480004691053182,2022-09-04
"1350",0.537266390165314,2014-05-05
"1351",0.661639897385612,2014-12-28
"1352",0.300854510162026,2010-11-11
"1353",0.263501515612006,2016-08-17
"1354",0.305046129738912,2010-07-24
"1355",0.874958265572786,2022-03-28
"1356",0.71843721694313,2017-11-15
"1357",0.406919694039971,2011-03-23
"1358",0.0193594731390476,2022-02-21
"1359",0.0501803588122129,2013-11-17
"1360",0.70225103199482,2015-09-28
"1361",0.0663702695164829,2013-04-16
"1362",0.0361323682591319,2010-10-27
"1363",0.020153695717454,2010-06-09
"1364",0.372781096957624,2018-10-31
"1365",0.225665403995663,2015-07-07
"1366",0.491918100044131,2019-04-10
"1367",0.446645156713203,2015-01-19
"1368",0.690204899059609,2012-08-29
"1369",0.842739979736507,2015-07-02
"1370",0.37583366711624,2020-04-06
"1371",0.984889688203111,2019-04-10
"1372",0.952426329720765,2013-10-15
"1373",0.989898509113118,2014-06-03
"1374",0.44312835438177,2016-02-11
"1375",0.153763851616532,2017-03-03
"1376",0.944727322552353,2016-08-05
"1377",0.519466413650662,2013-02-19
"1378",0.455634604208171,2018-09-24
"1379",0.220090199727565,2010-03-19
"1380",0.139182384358719,2022-12-23
"1381",0.216157881077379,2015-08-03
"1382",0.405678672948852,2012-12-04
"1383",0.233734591398388,2021-01-29
"1384",0.0250663596671075,2015-08-08
"1385",0.752341959159821,2012-04-06
"1386",0.732072543352842,2011-01-09
"1387",0.409106774721295,2014-03-02
"1388",0.630857805488631,2014-02-10
"1389",0.0654449830763042,2012-06-09
"1390",0.148692151764408,2022-04-15
"1391",0.279701764928177,2010-12-05
"1392",0.850656809285283,2013-03-31
"1393",0.0215407803189009,2015-12-12
"1394",0.252829879987985,2017-08-22
"1395",0.656711501069367,2022-12-01
"1396",0.789149409625679,2021-05-22
"1397",0.708845647517592,2021-07-27
"1398",0.0645929919555783,2013-06-05
"1399",0.511311343871057,2011-09-22
"1400",0.200928349746391,2021-11-28
"1401",0.814115592511371,2012-06-27
"1402",0.653780075954273,2023-08-08
"1403",0.353251982014626,2023-09-06
"1404",0.596594895934686,2023-02-18
"1405",0.727704373421147,2011-12-15
"1406",0.995568539248779,2010-11-12
"1407",0.498055271804333,2013-04-25
"1408",0.230294769397005,2022-08-15
"1409",0.301254312740639,2015-10-09
"1410",0.720466676866636,2014-09-26
"1411",0.261405418161303,2020-07-25
"1412",0.107696348102763,2019-06-03
"1413",0.262422712054104,2016-07-28
"1414",0.186706183245406,2020-06-17
"1415",0.542441679630429,2022-05-26
"1416",0.0655184742063284,2010-07-05
"1417",0.880385136697441,2017-04-26
"1418",0.27921253698878,2022-02-19
"1419",0.672703671501949,2013-08-15
"1420",0.0601308741606772,2010-10-19
"1421",0.988485550275072,2020-03-08
"1422",0.282275431090966,2021-11-05
"1423",0.55411236663349,2016-12-14
"1424",0.890084004495293,2023-02-13
"1425",0.0228020548820496,2020-05-13
"1426",0.677688453812152,2016-03-20
"1427",0.337059796554968,2023-05-22
"1428",0.141196094686165,2016-06-13
"1429",0.352563987718895,2016-07-15
"1430",0.401444856543094,2018-06-22
"1431",0.888914352282882,2018-02-23
"1432",0.312614187598228,2017-08-24
"1433",0.061654708115384,2016-09-23
"1434",0.679486264009029,2022-10-15
"1435",0.378162568900734,2012-10-13
"1436",0.588370348094031,2017-04-03
"1437",0.491978535195813,2022-08-05
"1438",0.285776944132522,2019-01-01
"1439",0.00841959496028721,2013-03-19
"1440",0.550774296978489,2017-07-26
"1441",0.813230907777324,2022-06-09
"1442",0.643574585439637,2020-10-10
"1443",0.0690620029345155,2012-11-09
"1444",0.728716271696612,2018-10-09
"1445",0.672111198538914,2023-03-13
"1446",0.819800991332158,2020-06-12
"1447",0.91462155804038,2020-04-28
"1448",0.689970680745319,2017-07-02
"1449",0.491977802710608,2017-05-03
"1450",0.646928650792688,2013-03-16
"1451",0.456514956662431,2018-08-04
"1452",0.125446621561423,2015-05-05
"1453",0.604364973958582,2017-03-28
"1454",0.826826735865325,2013-11-16
"1455",0.619378251256421,2018-02-09
"1456",0.841053710551932,2019-07-27
"1457",0.427246607607231,2023-05-16
"1458",0.769286703784019,2011-06-25
"1459",0.712140791118145,2012-05-04
"1460",0.0633672084659338,2013-02-15
"1461",0.426005236105993,2013-12-13
"1462",0.0882776430808008,2022-12-02
"1463",0.208316819276661,2018-03-25
"1464",0.228260873118415,2014-12-11
"1465",0.0504421438090503,2015-10-10
"1466",0.561821252340451,2010-11-23
"1467",0.69424614449963,2019-02-13
"1468",0.227942654397339,2022-10-21
"1469",0.960313604911789,2017-03-27
"1470",0.492837191326544,2020-12-18
"1471",0.723208685405552,2010-11-08
"1472",0.491363082546741,2018-08-31
"1473",0.845355081139132,2019-03-31
"1474",0.02510966360569,2019-06-20
"1475",0.548400243045762,2021-01-29
"1476",0.955454816576093,2021-02-03
"1477",0.140501866815612,2011-05-02
"1478",0.710273624863476,2012-10-14
"1479",0.126401888905093,2011-12-04
"1480",0.835656277602538,2019-02-18
"1481",0.298179503995925,2011-10-05
"1482",0.381328749936074,2011-06-13
"1483",0.247849335661158,2016-12-21
"1484",0.34498164919205,2020-04-22
"1485",0.419783426215872,2016-09-24
"1486",0.659109987085685,2012-11-27
"1487",0.953957048943266,2015-05-07
"1488",0.469893653877079,2018-12-25
"1489",0.150621091714129,2016-09-18
"1490",0.902522846357897,2016-09-11
"1491",0.438025702722371,2020-11-21
"1492",0.806755583966151,2011-04-22
"1493",0.481495468411595,2013-02-07
"1494",0.258038213010877,2013-04-14
"1495",0.170135810505599,2019-08-23
"1496",0.160610691411421,2010-12-23
"1497",0.66139040957205,2010-10-18
"1498",0.468552120262757,2016-05-22
"1499",0.545392840867862,2012-03-21
"1500",0.725098253460601,2017-03-01
"1501",0.525482540484518,2023-05-15
"1502",0.618936445331201,2011-01-30
"1503",0.178960911463946,2010-06-11
"1504",0.767721230397001,2015-08-10
"1505",0.816294967196882,2012-06-27
"1506",0.194582379888743,2020-03-18
"1507",0.212514094775543,2010-05-09
"1508",0.248830119147897,2012-04-04
"1509",0.748003802960739,2012-11-25
"1510",0.407243761466816,2013-05-02
"1511",0.561673807678744,2010-06-04
"1512",0.750509750330821,2011-05-16
"1513",0.551197767490521,2013-02-07
"1514",0.473349581239745,2011-04-24
"1515",0.0626298694405705,2013-10-19
"1516",0.0939460473600775,2010-11-26
"1517",0.580182618927211,2013-02-20
"1518",0.385675871744752,2017-11-19
"1519",0.23652089969255,2020-05-09
"1520",0.519537632586434,2022-12-20
"1521",0.641209929250181,2016-07-10
"1522",0.829900240059942,2015-10-24
"1523",0.919094150187448,2010-06-06
"1524",0.929400152293965,2016-08-21
"1525",0.645313744898885,2011-05-23
"1526",0.783117612125352,2019-10-06
"1527",0.0587159609422088,2010-07-07
"1528",0.358361521037295,2020-02-18
"1529",0.479386042105034,2014-03-09
"1530",0.723091766471043,2018-06-27
"1531",0.696402698988095,2010-07-27
"1532",0.870710554998368,2014-09-25
"1533",0.708805855596438,2017-01-25
"1534",0.354805469280109,2018-10-31
"1535",0.807252718368545,2016-03-03
"1536",0.352788866497576,2021-05-23
"1537",0.753126086201519,2013-09-13
"1538",0.908151082927361,2020-06-04
"1539",0.43538520950824,2017-09-21
"1540",0.220247139455751,2011-09-24
"1541",0.0371822067536414,2013-06-24
"1542",0.698054075241089,2012-03-27
"1543",0.149834014242515,2015-01-20
"1544",0.542437612777576,2012-06-12
"1545",0.796772362897173,2020-01-16
"1546",0.719624669058248,2016-06-26
"1547",0.728189656510949,2021-08-12
"1548",0.0478161612991244,2011-04-14
"1549",0.451375713804737,2011-10-05
"1550",0.794269957812503,2013-10-29
"1551",0.824622325366363,2021-03-27
"1552",0.209051562706009,2015-05-28
"1553",0.168206533417106,2022-02-26
"1554",0.980274223722517,2018-02-20
"1555",0.600670009618625,2013-05-17
"1556",0.151676299748942,2015-02-23
"1557",0.292738679097965,2011-11-17
"1558",0.44806062290445,2011-05-10
"1559",0.823907825397328,2018-10-18
"1560",0.969404330244288,2021-03-12
"1561",0.295409163925797,2012-02-24
"1562",0.23268974153325,2017-01-04
"1563",0.325481038307771,2019-09-24
"1564",0.100372119108215,2014-12-24
"1565",0.330225360579789,2019-02-27
"1566",0.19259870192036,2019-11-13
"1567",0.268873636377975,2017-06-03
"1568",0.883529343176633,2015-05-22
"1569",0.670623161597177,2015-06-24
"1570",0.0743210674263537,2013-10-07
"1571",0.685309203807265,2012-04-03
"1572",0.60081559070386,2021-11-15
"1573",0.706140475347638,2018-12-12
"1574",0.46816601161845,2015-05-16
"1575",0.0109879339579493,2021-07-27
"1576",0.783295694272965,2022-02-13
"1577",0.621853298507631,2020-01-30
"1578",0.866058738669381,2018-10-23
"1579",0.919852337334305,2014-04-23
"1580",0.32539892452769,2013-02-12
"1581",0.915762066142634,2010-11-15
"1582",0.0805449075996876,2011-01-29
"1583",0.85551768145524,2020-01-06
"1584",0.305028978968039,2012-05-30
"1585",0.736363040748984,2022-03-12
"1586",0.940962569322437,2022-08-28
"1587",0.861023237463087,2017-09-14
"1588",0.364170123357326,2022-09-04
"1589",0.91252348292619,2022-08-07
"1590",0.752922203624621,2012-02-01
"1591",0.641482408624142,2018-12-17
"1592",0.795450330711901,2018-05-07
"1593",0.984971725847572,2018-08-07
"1594",0.62236923770979,2014-09-25
"1595",0.555326487170532,2010-12-29
"1596",0.961066502379254,2018-03-21
"1597",0.915639717364684,2012-11-27
"1598",0.60327560082078,2011-06-04
"1599",0.311554106650874,2019-04-29
"1600",0.55515212402679,2016-03-22
"1601",0.93759774370119,2011-09-19
"1602",0.365037152310833,2022-07-30
"1603",0.338632298167795,2015-05-20
"1604",0.769683562219143,2010-12-17
"1605",0.301342302467674,2019-04-06
"1606",0.629640955245122,2016-05-21
"1607",0.802499725483358,2016-10-03
"1608",0.542235563974828,2019-09-10
"1609",0.63099756767042,2014-01-11
"1610",0.189788870280609,2012-10-27
"1611",0.20345269003883,2021-01-31
"1612",0.928351258859038,2019-08-10
"1613",0.413443455006927,2020-07-21
"1614",0.130969885038212,2015-08-18
"1615",0.0611630044877529,2015-12-14
"1616",0.886073872679844,2017-09-16
"1617",0.592208505840972,2013-02-06
"1618",0.72241218527779,2010-07-19
"1619",0.512392998673022,2011-06-11
"1620",0.296068652532995,2014-10-14
"1621",0.639778067590669,2012-01-22
"1622",0.882543428102508,2020-08-10
"1623",0.946150730364025,2016-09-08
"1624",0.709416676312685,2020-02-03
"1625",0.923620576038957,2015-05-14
"1626",0.0162215917371213,2018-10-01
"1627",0.171478288713843,2019-05-26
"1628",0.21398976421915,2021-01-18
"1629",0.845115189440548,2021-03-27
"1630",0.243321711663157,2018-04-24
"1631",0.515050354413688,2012-03-23
"1632",0.863187490496784,2020-02-02
"1633",0.0405586760025471,2010-12-07
"1634",0.460028225323185,2020-09-25
"1635",0.166004848433658,2020-11-13
"1636",0.915384339634329,2011-02-14
"1637",0.409423823235556,2021-07-25
"1638",0.640532178571448,2016-03-05
"1639",0.164818412391469,2021-09-10
"1640",0.180980146164075,2023-01-09
"1641",0.996452712919563,2016-06-16
"1642",0.645110941492021,2013-10-23
"1643",0.918098417343572,2021-05-11
"1644",0.795065445359796,2020-06-26
"1645",0.913097084732726,2014-10-20
"1646",0.390559582738206,2012-01-11
"1647",0.357400493230671,2014-08-19
"1648",0.614361628657207,2023-01-08
"1649",0.192440746119246,2014-05-16
"1650",0.071838497184217,2011-11-15
"1651",0.306232937145978,2010-08-17
"1652",0.174576345132664,2014-02-24
"1653",0.887761123944074,2012-05-12
"1654",0.497848224826157,2015-05-29
"1655",0.693908091634512,2015-01-04
"1656",0.874216026859358,2020-02-01
"1657",0.0180867742747068,2018-10-07
"1658",0.38198705483228,2015-11-26
"1659",0.51359302457422,2017-02-10
"1660",0.0472226594574749,2014-10-05
"1661",0.803095109993592,2021-12-03
"1662",0.634086933685467,2015-01-20
"1663",0.771328214090317,2014-02-04
"1664",0.501763742649928,2018-04-18
"1665",0.711288763210177,2019-05-16
"1666",0.0918983854353428,2019-08-08
"1667",0.105908774305135,2022-08-16
"1668",0.224913881858811,2020-04-28
"1669",0.417663553496823,2016-05-30
"1670",0.344013067893684,2020-12-01
"1671",0.664205956505612,2014-10-01
"1672",0.443363671423867,2019-04-05
"1673",0.306183562381193,2019-08-04
"1674",0.26934600668028,2018-03-07
"1675",0.270426594885066,2012-12-02
"1676",0.0976896530482918,2018-08-12
"1677",0.992059951415285,2018-03-05
"1678",0.104526538867503,2018-06-14
"1679",0.434488460654393,2012-12-26
"1680",0.684687570668757,2014-04-01
"1681",0.329821523046121,2019-12-01
"1682",0.399542690720409,2016-02-12
"1683",0.699156541842967,2021-11-11
"1684",0.242523108609021,2016-11-23
"1685",0.0275350820738822,2012-05-15
"1686",0.0700900224037468,2020-11-12
"1687",0.0237032768782228,2020-05-19
"1688",0.206601104233414,2012-07-12
"1689",0.69888632115908,2014-08-06
"1690",0.981383563019335,2013-03-17
"1691",0.781651579774916,2011-09-26
"1692",0.605474571930245,2019-03-02
"1693",0.20836171018891,2018-02-10
"1694",0.763678494375199,2012-10-04
"1695",0.818785996874794,2015-10-27
"1696",0.761112309526652,2012-11-22
"1697",0.828627120703459,2010-08-30
"1698",0.00850928970612586,2016-06-28
"1699",0.0888212362769991,2023-04-25
"1700",0.919880125205964,2011-04-07
"1701",0.638396451249719,2012-11-01
"1702",0.416985754156485,2013-05-04
"1703",0.702035525348037,2018-11-22
"1704",0.161026124842465,2013-07-26
"1705",0.377909835427999,2014-06-06
"1706",0.975116816582158,2019-01-21
"1707",0.403555178549141,2013-04-01
"1708",0.723759297747165,2021-05-05
"1709",0.38518987968564,2019-02-15
"1710",0.389088450931013,2017-05-29
"1711",0.129641766659915,2011-08-30
"1712",0.284750702325255,2013-12-29
"1713",0.130743893096223,2022-06-02
"1714",0.474048972129822,2012-06-11
"1715",0.980009189806879,2022-07-08
"1716",0.168340435018763,2017-12-26
"1717",0.181538266828284,2015-07-02
"1718",0.878939049551263,2017-06-27
"1719",0.676659968448803,2014-08-06
"1720",0.507443613139912,2022-06-22
"1721",0.481408658670262,2021-10-30
"1722",0.968319920590147,2011-06-18
"1723",0.247950107557699,2020-04-03
"1724",0.13281461247243,2017-12-24
"1725",0.0682661477476358,2017-01-06
"1726",0.400223755743355,2014-01-08
"1727",0.347339601954445,2023-07-28
"1728",0.0813463721424341,2022-07-29
"1729",0.040086600696668,2023-08-17
"1730",0.267908265814185,2021-09-06
"1731",0.48457768978551,2022-02-24
"1732",0.60384572041221,2016-04-07
"1733",0.212681021308526,2011-06-13
"1734",0.080157223623246,2013-10-31
"1735",0.179854281479493,2018-12-23
"1736",0.794959622668102,2015-02-25
"1737",0.529203355312347,2021-04-19
"1738",0.466124330414459,2019-05-10
"1739",0.892173725645989,2014-05-12
"1740",0.741953869583085,2011-11-06
"1741",0.763735821237788,2022-12-01
"1742",0.844099782872945,2018-03-08
"1743",0.705217490205541,2019-12-05
"1744",0.94844221859239,2014-04-20
"1745",0.144291781354696,2019-04-22
"1746",0.80380331305787,2013-09-01
"1747",0.294344135560095,2013-02-16
"1748",0.381373399402946,2015-10-28
"1749",0.237241281196475,2021-05-20
"1750",0.346142146736383,2012-06-30
"1751",0.42900022584945,2017-09-05
"1752",0.599860263289884,2018-09-17
"1753",0.565516313072294,2013-01-10
"1754",0.466192370513454,2019-02-25
"1755",0.233487972756848,2022-07-29
"1756",0.740812616655603,2011-04-18
"1757",0.295344748999923,2021-03-29
"1758",0.0823732623830438,2014-10-04
"1759",0.274364787619561,2021-07-29
"1760",0.931059905327857,2021-01-23
"1761",0.88141456223093,2019-08-20
"1762",0.47423082171008,2011-11-21
"1763",0.575037013273686,2012-03-20
"1764",0.210332622984424,2013-10-07
"1765",0.598299929639325,2022-01-31
"1766",0.0265021710656583,2021-02-16
"1767",0.852367961080745,2014-02-21
"1768",0.533807344967499,2011-02-25
"1769",0.0986467413604259,2015-06-13
"1770",0.697378715500236,2010-09-05
"1771",0.646212738472968,2015-02-02
"1772",0.921282575465739,2013-12-09
"1773",0.288791592698544,2017-04-01
"1774",0.65436782524921,2010-03-17
"1775",0.618836568668485,2015-07-05
"1776",0.644347591791302,2011-12-24
"1777",0.587946770712733,2011-03-01
"1778",0.959003366297111,2021-08-27
"1779",0.167982873972505,2016-08-17
"1780",0.247764968080446,2021-09-24
"1781",0.520748551702127,2019-01-31
"1782",0.13296581688337,2020-05-10
"1783",0.815950621385127,2017-12-10
"1784",0.307842807611451,2017-08-09
"1785",0.346458022017032,2010-08-14
"1786",0.32439053687267,2015-10-04
"1787",0.8299951327499,2020-02-17
"1788",0.169780115131289,2017-01-12
"1789",0.278194217709824,2012-03-11
"1790",0.363976991502568,2018-10-17
"1791",0.06989352311939,2021-05-26
"1792",0.589097469579428,2017-07-12
"1793",0.0841362664941698,2010-09-03
"1794",0.275881451321766,2013-11-30
"1795",0.0892041027545929,2021-09-30
"1796",0.913931028451771,2017-08-14
"1797",0.230671265628189,2016-04-02
"1798",0.959610002348199,2018-09-28
"1799",0.319137680111453,2023-04-20
"1800",0.430796518689021,2020-06-18
"1801",0.916300440207124,2011-10-02
"1802",0.842165261507034,2022-01-12
"1803",0.953033957397565,2015-05-05
"1804",0.313625352457166,2012-08-28
"1805",0.880383613053709,2012-07-18
"1806",0.299484786111861,2021-10-23
"1807",0.440816927468404,2017-08-04
"1808",0.445704119279981,2019-03-12
"1809",0.429430848220363,2013-02-09
"1810",0.861428390489891,2010-01-27
"1811",0.789047851925716,2019-07-23
"1812",0.366230414481834,2023-07-17
"1813",0.338779880432412,2015-10-21
"1814",0.961956204148009,2017-03-21
"1815",0.887337486259639,2017-01-02
"1816",0.431841211859137,2018-11-03
"1817",0.892578870756552,2018-10-07
"1818",0.190824923105538,2017-07-06
"1819",0.753541242564097,2016-09-09
"1820",0.186718850862235,2019-11-10
"1821",0.489310156553984,2021-12-21
"1822",0.132306410465389,2021-10-13
"1823",0.621560014318675,2018-11-04
"1824",0.344160985667259,2020-06-19
"1825",0.59865386527963,2018-08-01
"1826",0.59482084796764,2017-04-27
"1827",0.0874762895982713,2012-10-14
"1828",0.744905781699345,2022-07-29
"1829",0.725540161831304,2022-07-30
"1830",0.802798884222284,2015-04-04
"1831",0.503449929412454,2015-10-23
"1832",0.264671219978482,2014-03-05
"1833",0.536141113378108,2018-04-26
"1834",0.213437743484974,2018-10-31
"1835",0.255572000984102,2011-12-01
"1836",0.343209522776306,2023-09-05
"1837",0.314980313414708,2010-02-20
"1838",0.903441054513678,2012-09-27
"1839",0.507083994802088,2013-12-28
"1840",0.886809211224318,2013-01-28
"1841",0.195022498490289,2016-06-14
"1842",0.988919247407466,2018-01-26
"1843",0.91272133635357,2021-08-17
"1844",0.759085750672966,2020-11-15
"1845",0.887828624341637,2018-01-05
"1846",0.272966410964727,2019-03-11
"1847",0.927014772314578,2014-04-03
"1848",0.847612601704895,2012-12-01
"1849",0.465768192894757,2022-10-19
"1850",0.694069604156539,2014-01-04
"1851",0.268429824849591,2013-11-07
"1852",0.190492964116856,2019-09-04
"1853",0.413613174809143,2023-01-19
"1854",0.238204383058473,2010-08-31
"1855",0.0924189884681255,2012-03-04
"1856",0.272612118860707,2019-08-02
"1857",0.009083196753636,2022-03-06
"1858",0.629982847487554,2022-06-09
"1859",0.0792743391357362,2021-10-07
"1860",0.350416659144685,2022-12-17
"1861",0.600405616220087,2013-09-14
"1862",0.969036905327812,2017-03-29
"1863",0.616335429484025,2019-07-03
"1864",0.522410703357309,2013-04-09
"1865",0.522643679985777,2019-04-11
"1866",0.00876278686337173,2012-08-17
"1867",0.459118449594826,2022-10-01
"1868",0.476186145795509,2015-03-13
"1869",0.974526327336207,2021-02-08
"1870",0.664171552751213,2010-07-26
"1871",0.810181665234268,2014-01-19
"1872",0.921875645406544,2021-08-26
"1873",0.0956714220810682,2022-05-02
"1874",0.935363496653736,2023-07-12
"1875",0.535993176745251,2019-11-19
"1876",0.829615442547947,2023-02-19
"1877",0.81656664935872,2011-04-23
"1878",0.305433610687032,2017-06-16
"1879",0.708641828037798,2018-07-20
"1880",0.175792434252799,2020-09-14
"1881",0.192194148665294,2022-02-06
"1882",0.185651511652395,2022-05-09
"1883",0.484359622234479,2021-03-21
"1884",0.758644736604765,2015-04-13
"1885",0.30207157949917,2012-12-15
"1886",0.3837897896301,2019-08-14
"1887",0.18092394573614,2014-08-31
"1888",0.637251174310222,2017-02-25
"1889",0.559741410426795,2019-05-10
"1890",0.850027528824285,2023-06-13
"1891",0.670160155044869,2017-11-09
"1892",0.611801088089123,2020-09-14
"1893",0.906546104466543,2011-04-10
"1894",0.312059968709946,2016-12-10
"1895",0.597376054152846,2022-01-16
"1896",0.697989871259779,2021-03-17
"1897",0.826859285123646,2018-02-06
"1898",0.96713814791292,2017-02-22
"1899",0.366118504432961,2019-05-22
"1900",0.84527095919475,2023-02-05
"1901",0.391217652708292,2014-01-22
"1902",0.695127359125763,2020-03-19
"1903",0.649383581941947,2022-07-17
"1904",0.0235661729238927,2013-09-16
"1905",0.926038958132267,2011-04-28
"1906",0.985051079653203,2016-04-15
"1907",0.958532114513218,2020-02-05
"1908",0.266328697092831,2013-01-09
"1909",0.675959377549589,2021-07-09
"1910",0.826376454439014,2011-06-13
"1911",0.760373181430623,2015-01-14
"1912",0.334622151218355,2019-10-18
"1913",0.980481144273654,2016-05-18
"1914",0.947368345223367,2013-09-15
"1915",0.509538036538288,2010-08-04
"1916",0.386735717533156,2018-12-18
"1917",0.597139324061573,2012-06-02
"1918",0.135701027465984,2021-02-28
"1919",0.607211726950482,2020-11-05
"1920",0.619044420542195,2016-11-16
"1921",0.160486943088472,2019-08-06
"1922",0.227414861088619,2012-09-16
"1923",0.488999385852367,2021-07-24
"1924",0.266255927737802,2022-03-23
"1925",0.986886880826205,2020-11-30
"1926",0.659027475863695,2018-10-18
"1927",0.561787959886715,2019-01-19
"1928",0.60397210274823,2013-01-01
"1929",0.192391755059361,2013-06-26
"1930",0.371669552288949,2014-09-30
"1931",0.12009952031076,2019-09-14
"1932",0.39570926129818,2010-01-04
"1933",0.0392312631011009,2014-01-15
"1934",0.629407344385982,2012-06-19
"1935",0.523269695229828,2015-12-01
"1936",0.393105397699401,2022-04-14
"1937",0.877893300261348,2013-01-14
"1938",0.288249923847616,2017-05-17
"1939",0.632178187603131,2013-09-23
"1940",0.313025128794834,2010-11-25
"1941",0.145822742488235,2023-01-05
"1942",0.820500965928659,2017-03-13
"1943",0.745619802735746,2020-12-14
"1944",0.677873467095196,2010-03-23
"1945",0.205137717770413,2018-08-29
"1946",0.991973087890074,2018-09-19
"1947",0.668956527952105,2014-09-11
"1948",0.753881895681843,2022-12-29
"1949",0.645198054146022,2021-03-04
"1950",0.10516616073437,2023-05-21
"1951",0.0498048129957169,2022-02-03
"1952",0.550795055227354,2018-01-16
"1953",0.0272053678054363,2016-08-03
"1954",0.187258065678179,2013-01-15
"1955",0.648336424026638,2020-09-27
"1956",0.824718985240906,2011-10-22
"1957",0.91554355667904,2022-01-10
"1958",0.825556990224868,2021-08-03
"1959",0.795555043732747,2015-05-20
"1960",0.688114724587649,2021-02-07
"1961",0.338662927038968,2015-03-01
"1962",0.468302907422185,2010-09-07
"1963",0.836986915674061,2015-04-22
"1964",0.770487755769864,2018-02-24
"1965",0.595679931808263,2012-11-21
"1966",0.596528243506327,2010-03-27
"1967",0.174141001189128,2016-05-01
"1968",0.47566762403585,2017-06-19
"1969",0.933948250720277,2016-06-11
"1970",0.0595374803524464,2018-03-30
"1971",0.143245461629704,2020-06-10
"1972",0.42678032303229,2013-11-08
"1973",0.564453589962795,2017-07-12
"1974",0.187299422454089,2016-08-12
"1975",0.602749522775412,2022-05-12
"1976",0.73487829323858,2020-08-11
"1977",0.0683488131035119,2011-10-26
"1978",0.782917964272201,2015-12-09
"1979",0.921492709312588,2012-09-27
"1980",0.0442821667529643,2013-02-04
"1981",0.713114854646847,2010-11-29
"1982",0.903886020416394,2013-10-16
"1983",0.739581503905356,2015-04-26
"1984",0.172175630461425,2011-04-12
"1985",0.186589976772666,2017-01-30
"1986",0.382488364819437,2014-06-08
"1987",0.453613275196403,2016-10-19
"1988",0.455131477210671,2023-09-01
"1989",0.173102781642228,2010-01-09
"1990",0.305417256662622,2020-01-11
"1991",0.867752101039514,2016-12-16
"1992",0.260232249973342,2010-01-03
"1993",0.68087075999938,2016-04-23
"1994",0.853576556080952,2016-08-10
"1995",0.805274312151596,2019-11-21
"1996",0.163516340544447,2018-03-29
"1997",0.471938976319507,2014-08-04
"1998",0.718318646540865,2015-08-16
"1999",0.269878588849679,2020-02-04
"2000",0.608237189007923,2019-01-06
